title,normal_price,label,image_url
Sari Utama Kacang Tanah 500G,60%,makanan-bahan-makanan,https://assets.klikindomaret.com/products/20090701/20090701_thumb.jpg
Lee Kum Kee Oyster Sauce 510Ml,50%,makanan-bahan-makanan,https://assets.klikindomaret.com/products/10003730/10003730_thumb.jpg
Kewpie Mayonnaise Original 150g,45%,makanan-bahan-makanan,https://assets.klikindomaret.com/products/20106544/20106544_thumb.jpg
Ajinomoto Mayonnaise Mayumi Pedas 100G,43%,makanan-bahan-makanan,https://assets.klikindomaret.com/products/20055358/20055358_thumb.jpg
Ajinomoto Bumbu Nasi Goreng Sajiku Ayam 20G,40%,makanan-bahan-makanan,https://assets.klikindomaret.com/products/10007775/10007775_thumb.jpg
Ajinomoto Bumbu Nasi Goreng Sajiku Kecap 20G,40%,makanan-bahan-makanan,https://assets.klikindomaret.com/products/20103449/20103449_thumb.jpg
Ajinomoto Bumbu Nasi Goreng Sajiku Pedas 20G,40%,makanan-bahan-makanan,https://assets.klikindomaret.com/products/10013821/10013821_thumb.jpg
Wincheez Keju Cheddar Olahan Gold 170G,34%,makanan-bahan-makanan,https://assets.klikindomaret.com/products/20132727/20132727_thumb.jpg
Ajinomoto Mayonnaise Mayumi 100G,33%,makanan-bahan-makanan,https://assets.klikindomaret.com/products/20040891/20040891_thumb.jpg
Dua Belibis Saus Cabe 235mL,32%,makanan-bahan-makanan,https://assets.klikindomaret.com/products/20132660/20132660_thumb.jpg
Pro Chiz Keju Gold 160G,31%,makanan-bahan-makanan,https://assets.klikindomaret.com/products/20058306/20058306_thumb.jpg
Kraft Keju Cheddar Box 150g,29%,makanan-bahan-makanan,https://assets.klikindomaret.com/products/20003902/20003902_thumb.jpg
Sedaap Kecap Manis 550Ml,28%,makanan-bahan-makanan,https://assets.klikindomaret.com/products/20019249/20019249_thumb.jpg
Blue Band Margarine Cake & Cookie 200G,28%,makanan-bahan-makanan,https://assets.klikindomaret.com/products/20041164/20041164_thumb.jpg
Lee Kum Kee Oyster Sauce (Saus Tiram) 145G,26%,makanan-bahan-makanan,https://assets.klikindomaret.com/products/20085784/20085784_thumb.jpg
Dua Belibis Saus Cabe 650mL,25%,makanan-bahan-makanan,https://assets.klikindomaret.com/products/20116023/20116023_thumb.jpg
Dua Belibis Value Saus Cabe 5Kg,25%,makanan-bahan-makanan,https://assets.klikindomaret.com/products/20116024/20116024_thumb.jpg
Forvita Margarine 200G,25%,makanan-bahan-makanan,https://assets.klikindomaret.com/products/20003405/20003405_thumb.jpg
Colatta Dark Compound Chocolate 250g,24%,makanan-bahan-makanan,https://assets.klikindomaret.com/products/10036842/10036842_thumb.jpg
Abc Kecap Manis 275Ml,24%,makanan-bahan-makanan,https://assets.klikindomaret.com/products/10002350/10002350_thumb.jpg
Barco Minyak Goreng 2L,24%,makanan-bahan-makanan,https://assets.klikindomaret.com/products/10000542/10000542_thumb.jpg
Filma Margarine Bernutrisi 200G,24%,makanan-bahan-makanan,https://assets.klikindomaret.com/products/20002415/20002415_thumb.jpg
Sedaap Kecap Manis 720mL,23%,makanan-bahan-makanan,https://assets.klikindomaret.com/products/20123088/20123088_thumb.jpg
Anchor Cheddar Cheese 150G,23%,makanan-bahan-makanan,https://assets.klikindomaret.com/products/20129054/20129054_thumb.jpg
Delmonte Sauce Tomat 330mL,23%,makanan-bahan-makanan,https://assets.klikindomaret.com/products/10000117/10000117_thumb.jpg
Indomaret Santan Kelapa 200Ml,22%,makanan-bahan-makanan,https://assets.klikindomaret.com/products/20115332/20115332_thumb.jpg
Sedaap Kecap Manis Special 520mL,21%,makanan-bahan-makanan,https://assets.klikindomaret.com/products/20104077/20104077_thumb.jpg
Sedaap Kecap Manis Special 728G,21%,makanan-bahan-makanan,https://assets.klikindomaret.com/products/20135017/20135017_thumb.jpg
Tropicana Slim Corn Oil 946mL,20%,makanan-bahan-makanan,https://assets.klikindomaret.com/products/10003981/10003981_thumb.jpg
Tropicana Slim Extra Virgin Olive Oil 500mL,20%,makanan-bahan-makanan,https://assets.klikindomaret.com/products/20109599/20109599_thumb.jpg
Bertolli Olive Oil Classico 250mL,20%,makanan-bahan-makanan,https://assets.klikindomaret.com/products/10008590/10008590_thumb.jpg
Bertolli Olive Oil Classico 500ml,20%,makanan-bahan-makanan,https://assets.klikindomaret.com/products/10036876/10036876_thumb.jpg
Bertolli Olive Oil Extra Light 250mL,20%,makanan-bahan-makanan,https://assets.klikindomaret.com/products/10025196/10025196_thumb.jpg
Bertolli Olive Oil Extra Light 500mL,20%,makanan-bahan-makanan,https://assets.klikindomaret.com/products/10036879/10036879_thumb.jpg
Bertolli Olive Oil Extra Virgin 250mL,20%,makanan-bahan-makanan,https://assets.klikindomaret.com/products/10006782/10006782_thumb.jpg
Bertolli Olive Oil Extra Virgin 500mL,20%,makanan-bahan-makanan,https://assets.klikindomaret.com/products/20033574/20033574_thumb.jpg
Pro Chiz Keju Mozzarella 160g,19%,makanan-bahan-makanan,https://assets.klikindomaret.com/products/20091583/20091583_thumb.jpg
Larisst Penyedap Rasa Jamur 40G,18%,makanan-bahan-makanan,https://assets.klikindomaret.com/products/20135316/20135316_thumb.jpg
Pearl River Bridge Mushroom Soy Sauce 150mL,15%,makanan-bahan-makanan,https://assets.klikindomaret.com/products/20037030/20037030_thumb.jpg
Pearl River Bridge Soy Sauce 150mL,15%,makanan-bahan-makanan,https://assets.klikindomaret.com/products/20037029/20037029_thumb.jpg
Indomaret Bawang Putih Bubuk 60G,15%,makanan-bahan-makanan,https://assets.klikindomaret.com/products/20134372/20134372_thumb.jpg
Indomaret Cabai Merah Bubuk 50G,15%,makanan-bahan-makanan,https://assets.klikindomaret.com/products/20134371/20134371_thumb.jpg
Indofood Saus Tomat 275Ml,15%,makanan-bahan-makanan,https://assets.klikindomaret.com/products/20027096/20027096_thumb.jpg
Barco Minyak Goreng Refill 1000Ml,15%,makanan-bahan-makanan,https://assets.klikindomaret.com/products/10008469/10008469_thumb.jpg
Kewpie Saus Siram Wijen Sangrai 50mL,14%,makanan-bahan-makanan,https://assets.klikindomaret.com/products/20131033/20131033_thumb.jpg
Delmonte Chilli Sauce Extra Hot 330mL,14%,makanan-bahan-makanan,https://assets.klikindomaret.com/products/10027527/10027527_thumb.jpg
Kraft Cheese Quick Melt Mozza 165G,14%,makanan-bahan-makanan,https://assets.klikindomaret.com/products/20023912/20023912_thumb.webp
Emina Block Cheese Mozza 160G,13%,makanan-bahan-makanan,https://assets.klikindomaret.com/products/20113339/20113339_thumb.jpg
Indofood Bumbu Spesial Racik Ayam Goreng Mentega 50g,13%,makanan-bahan-makanan,https://assets.klikindomaret.com/products/20133255/20133255_thumb.jpg
Indofood Bumbu Spesial Racik Gulai 45G,13%,makanan-bahan-makanan,https://assets.klikindomaret.com/products/10002767/10002767_thumb.jpg
Indofood Bumbu Spesial Racik Kare 45G,13%,makanan-bahan-makanan,https://assets.klikindomaret.com/products/10036780/10036780_thumb.jpg
Indofood Bumbu Spesial Racik Opor Ayam 45G,13%,makanan-bahan-makanan,https://assets.klikindomaret.com/products/10002768/10002768_thumb.jpg
Indofood Bumbu Spesial Racik Rawon 50G,13%,makanan-bahan-makanan,https://assets.klikindomaret.com/products/10002766/10002766_thumb.jpg
Indofood Bumbu Spesial Racik Rendang 50G,13%,makanan-bahan-makanan,https://assets.klikindomaret.com/products/10002765/10002765_thumb.jpg
Indofood Bumbu Spesial Racik Semur 50G,13%,makanan-bahan-makanan,https://assets.klikindomaret.com/products/20133254/20133254_thumb.jpg
Indofood Bumbu Spesial Racik Soto Ayam 45G,13%,makanan-bahan-makanan,https://assets.klikindomaret.com/products/10002915/10002915_thumb.jpg
Indomaret Garam 500G,13%,makanan-bahan-makanan,https://assets.klikindomaret.com/products/20026676/20026676_thumb.jpg
Larisst Garam Beryodium 500G,13%,makanan-bahan-makanan,https://assets.klikindomaret.com/products/20093266/20093266_thumb.jpg
Indofood Sambal Extra Pedas 275Ml,12%,makanan-bahan-makanan,https://assets.klikindomaret.com/products/20027097/20027097_thumb.jpg
Indofood Sambal Pedas 275Ml,12%,makanan-bahan-makanan,https://assets.klikindomaret.com/products/20015850/20015850_thumb.jpg
Nutrijell Pudding Susu Coklat 145G,11%,makanan-bahan-makanan,https://assets.klikindomaret.com/products/20031907/20031907_thumb.jpg
Nutrijell Pudding Susu Mangga 145G,11%,makanan-bahan-makanan,https://assets.klikindomaret.com/products/20032880/20032880_thumb.jpg
Nutrijell Pudding Susu Powder Strawberry 145G,11%,makanan-bahan-makanan,https://assets.klikindomaret.com/products/20043381/20043381_thumb.jpg
Indofood Sambal Pedas Dahsyat 275Ml,11%,makanan-bahan-makanan,https://assets.klikindomaret.com/products/20115489/20115489_thumb.jpg
Harumas Minyak Goreng 1L,8%,makanan-bahan-makanan,https://assets.klikindomaret.com/products/20120496/20120496_thumb.jpg
Harumas Minyak Goreng 2L,8%,makanan-bahan-makanan,https://assets.klikindomaret.com/products/20120993/20120993_thumb.jpg
Sania Tepung Terigu Serbaguna 1Kg,7%,makanan-bahan-makanan,https://assets.klikindomaret.com/products/20086392/20086392_thumb.webp
Sania Minyak Goreng Refill 2000Ml,6%,makanan-bahan-makanan,https://assets.klikindomaret.com/products/10010805/10010805_thumb.jpg
Fortune Minyak Goreng Refill 2000Ml,5%,makanan-bahan-makanan,https://assets.klikindomaret.com/products/10000442/10000442_thumb.jpg
Sovia Minyak Goreng 2L,5%,makanan-bahan-makanan,https://assets.klikindomaret.com/products/20037566/20037566_thumb.jpg
Indomaret Minyak Goreng 2L,4%,makanan-bahan-makanan,https://assets.klikindomaret.com/products/20043713/20043713_thumb.jpg
Larisst Minyak Goreng 2L,4%,makanan-bahan-makanan,https://assets.klikindomaret.com/products/20043943/20043943_thumb.jpg
Filma Minyak Goreng Refill 2000Ml,4%,makanan-bahan-makanan,https://assets.klikindomaret.com/products/10005838/10005838_thumb.jpg
Tropical Minyak Goreng 2000Ml,2%,makanan-bahan-makanan,https://assets.klikindomaret.com/products/10003974/10003974_thumb.webp
Bimoli Minyak Goreng 2000Ml,1%,makanan-bahan-makanan,https://assets.klikindomaret.com/products/10008989/10008989_thumb.jpg
Abc Kecap Asin 131mL,Rp 5.600,makanan-bahan-makanan,https://assets.klikindomaret.com/products/10000324/10000324_thumb.webp
Abc Kecap Manis 130mL,Rp 10.600,makanan-bahan-makanan,https://assets.klikindomaret.com/products/10000859/10000859_thumb.webp
Abc Kecap Manis 600mL,Rp 31.200,makanan-bahan-makanan,https://assets.klikindomaret.com/products/10021170/10021170_thumb.jpg
Abc Kecap Manis 825G,Rp 26.900,makanan-bahan-makanan,https://assets.klikindomaret.com/products/20101461/20101461_thumb.jpg
Abc Kecap Manis Reffil 520Ml,Rp 24.900,makanan-bahan-makanan,https://assets.klikindomaret.com/products/10022534/10022534_thumb.jpg
Abc Kecap Manis Seafood 650G,Rp 25.200,makanan-bahan-makanan,https://assets.klikindomaret.com/products/20122737/20122737_thumb.jpg
Abc Kecap Pedas 135mL,Rp 11.500,makanan-bahan-makanan,https://assets.klikindomaret.com/products/20032792/20032792_thumb.jpg
Abc Sambal 130Ml,Rp 8.900,makanan-bahan-makanan,https://assets.klikindomaret.com/products/10000212/10000212_thumb.webp
Abc Sambal 22X8G,Rp 7.200,makanan-bahan-makanan,https://assets.klikindomaret.com/products/20007043/20007043_thumb.jpg
Abc Sambal 335Ml,Rp 19.700,makanan-bahan-makanan,https://assets.klikindomaret.com/products/10000116/10000116_thumb.jpg
Abc Sambal Asli 270Ml,Rp 16.600,makanan-bahan-makanan,https://assets.klikindomaret.com/products/20064412/20064412_thumb.jpg
Abc Sambal Asli 380G,Rp 16.900,makanan-bahan-makanan,https://assets.klikindomaret.com/products/20043798/20043798_thumb.jpg
Abc Sambal Asli 600mL,Rp 29.800,makanan-bahan-makanan,https://assets.klikindomaret.com/products/20101040/20101040_thumb.jpg
Abc Sambal Extra Pedas 130mL,Rp 8.900,makanan-bahan-makanan,https://assets.klikindomaret.com/products/10036708/10036708_thumb.webp
Abc Sambal Extra Pedas 270Ml,Rp 16.600,makanan-bahan-makanan,https://assets.klikindomaret.com/products/20063027/20063027_thumb.jpg
Abc Sambal Extra Pedas 335Ml,Rp 19.700,makanan-bahan-makanan,https://assets.klikindomaret.com/products/10003362/10003362_thumb.jpg
Abc Sambal Extreme Pedas 130mL,Rp 8.900,makanan-bahan-makanan,https://assets.klikindomaret.com/products/20132499/20132499_thumb.webp
Abc Sambal Extreme Pedas 270mL,Rp 17.100,makanan-bahan-makanan,https://assets.klikindomaret.com/products/20132492/20132492_thumb.webp
Abc Sambal Nusantara Hijau 180G,Rp 21.900,makanan-bahan-makanan,https://assets.klikindomaret.com/products/20131477/20131477_thumb.jpg
Abc Sambal Nusantara Teri 180G,Rp 20.900,makanan-bahan-makanan,https://assets.klikindomaret.com/products/20126454/20126454_thumb.jpg
Abc Sambal Terasi 10X18G,Rp 15.000,makanan-bahan-makanan,https://assets.klikindomaret.com/products/20036865/20036865_thumb.jpg
Abc Sambal Terasi 180G,Rp 21.900,makanan-bahan-makanan,https://assets.klikindomaret.com/products/20034315/20034315_thumb.jpg
Abc Sardines Tomat 155G,Rp 12.900,makanan-bahan-makanan,https://assets.klikindomaret.com/products/10036569/10036569_thumb.jpg
Abc Sauce Tomat 135Ml,Rp 8.400,makanan-bahan-makanan,https://assets.klikindomaret.com/products/10000320/10000320_thumb.jpg
Abc Terasi Udang 20X3.8G,Rp 8.600,makanan-bahan-makanan,https://assets.klikindomaret.com/products/20005008/20005008_thumb.jpg
Agar Rasa Agar Agar Powder Coklat 22G,Rp 6.600,makanan-bahan-makanan,https://assets.klikindomaret.com/products/20026083/20026083_thumb.jpg
Ajinomoto Bumbu Ayam Goreng Sajiku 24G,Rp 2.500,makanan-bahan-makanan,https://assets.klikindomaret.com/products/10013823/10013823_thumb.webp
Ajinomoto Bumbu Masak 250G,Rp 15.200,makanan-bahan-makanan,https://assets.klikindomaret.com/products/10003697/10003697_thumb.jpg
Ajinomoto Bumbu Masak 90G,Rp 5.000,makanan-bahan-makanan,https://assets.klikindomaret.com/products/20045204/20045204_thumb.jpg
Ajinomoto Mayonnaise Mayumi Salad Buah 70G,Rp 7.000,makanan-bahan-makanan,https://assets.klikindomaret.com/products/20129801/20129801_thumb.jpg
Ajinomoto Penyedap Rasa Masako Ayam 100G,Rp 5.200,makanan-bahan-makanan,https://assets.klikindomaret.com/products/10035898/10035898_thumb.jpg
Ajinomoto Penyedap Rasa Masako Ayam 250G,Rp 10.900,makanan-bahan-makanan,https://assets.klikindomaret.com/products/20038549/20038549_thumb.jpg
Ajinomoto Penyedap Rasa Masako Ayam 6X8.5G,Rp 3.500,makanan-bahan-makanan,https://assets.klikindomaret.com/products/10030783/10030783_thumb.jpg
Ajinomoto Penyedap Rasa Masako Light Ayam 50G,Rp 5.000,makanan-bahan-makanan,https://assets.klikindomaret.com/products/20128380/20128380_thumb.jpg
Ajinomoto Penyedap Rasa Masako Sapi 100G,Rp 5.200,makanan-bahan-makanan,https://assets.klikindomaret.com/products/10035899/10035899_thumb.jpg
Ajinomoto Penyedap Rasa Masako Sapi 250G,Rp 10.900,makanan-bahan-makanan,https://assets.klikindomaret.com/products/20038548/20038548_thumb.jpg
Ajinomoto Penyedap Rasa Masako Sapi 6X8.5G,Rp 3.500,makanan-bahan-makanan,https://assets.klikindomaret.com/products/10030784/10030784_thumb.jpg
Ajinomoto Saus Bulgogi Saori 133mL,Rp 12.900,makanan-bahan-makanan,https://assets.klikindomaret.com/products/20129757/20129757_thumb.jpg
Ajinomoto Saus Teriyaki Saori 135mL,Rp 12.500,makanan-bahan-makanan,https://assets.klikindomaret.com/products/20009973/20009973_thumb.jpg
Ajinomoto Saus Tiram Saori  270mL,Rp 21.500,makanan-bahan-makanan,https://assets.klikindomaret.com/products/20044599/20044599_thumb.jpg
Ajinomoto Saus Tiram Saori 135Ml,Rp 12.500,makanan-bahan-makanan,https://assets.klikindomaret.com/products/20009966/20009966_thumb.jpg
Ajinomoto Tepung Bumbu Sajiku 900G,Rp 28.500,makanan-bahan-makanan,https://assets.klikindomaret.com/products/20055356/20055356_thumb.webp
Ajinomoto Tepung Bumbu Sajiku Golden Crispy 200g,Rp 7.900,makanan-bahan-makanan,https://assets.klikindomaret.com/products/20037353/20037353_thumb.webp
Ajinomoto Tepung Bumbu Sajiku Serbaguna 220g,Rp 7.900,makanan-bahan-makanan,https://assets.klikindomaret.com/products/10035900/10035900_thumb.jpg
Angsa Kecap Asin 275Ml,Rp 14.300,makanan-bahan-makanan,https://assets.klikindomaret.com/products/20118916/20118916_thumb.jpg
Angsa Kecap Asin Refill 600Ml,Rp 21.000,makanan-bahan-makanan,https://assets.klikindomaret.com/products/20119137/20119137_thumb.jpg
Bamboe Bumbu Instant Nasi Goreng 40G,Rp 7.500,makanan-bahan-makanan,https://assets.klikindomaret.com/products/20013345/20013345_thumb.jpg
Bamboe Bumbu Instant Rawon 54G,Rp 7.500,makanan-bahan-makanan,https://assets.klikindomaret.com/products/20013333/20013333_thumb.jpg
Bamboe Bumbu Instant Rendang 35G,Rp 7.500,makanan-bahan-makanan,https://assets.klikindomaret.com/products/20013341/20013341_thumb.jpg
Bamboe Bumbu Instant Soto Madura 40G,Rp 7.500,makanan-bahan-makanan,https://assets.klikindomaret.com/products/20021359/20021359_thumb.jpg
Bamboe Bumbu Instant Tom Yum 60G,Rp 8.900,makanan-bahan-makanan,https://assets.klikindomaret.com/products/20077364/20077364_thumb.jpg
Bango Kecap Manis 135mL,Rp 11.500,makanan-bahan-makanan,https://assets.klikindomaret.com/products/10020784/10020784_thumb.jpg
Bango Kecap Manis 275mL,Rp 24.500,makanan-bahan-makanan,https://assets.klikindomaret.com/products/10000305/10000305_thumb.jpg
Bango Kecap Manis 520mL,Rp 26.500,makanan-bahan-makanan,https://assets.klikindomaret.com/products/10008819/10008819_thumb.jpg
Bango Kecap Manis Box Promo 2X720g,Rp 53.000,makanan-bahan-makanan,https://assets.klikindomaret.com/products/20095772/20095772_thumb.jpg
Bango Kecap Manis Hitam Gurih 550G,Rp 19.400,makanan-bahan-makanan,https://assets.klikindomaret.com/products/20132493/20132493_thumb.jpg
Bango Kecap Manis Less Sugar 520mL,Rp 26.500,makanan-bahan-makanan,https://assets.klikindomaret.com/products/20107538/20107538_thumb.jpg
Bango Kecap Manis Refill 210mL,Rp 12.500,makanan-bahan-makanan,https://assets.klikindomaret.com/products/10017154/10017154_thumb.jpg
Bango Kecap Manis Refill 735mL,Rp 34.200,makanan-bahan-makanan,https://assets.klikindomaret.com/products/20117107/20117107_thumb.jpg
Bimoli Minyak Goreng 1000Ml,Rp 20.900,makanan-bahan-makanan,https://assets.klikindomaret.com/products/10012338/10012338_thumb.jpg
Bimoli Minyak Goreng 2000Ml,Rp 45.200,makanan-bahan-makanan,https://assets.klikindomaret.com/products/10000178/10000178_thumb.jpg
Bimoli Minyak Goreng 5000Ml,Rp 105.900,makanan-bahan-makanan,https://assets.klikindomaret.com/products/10000181/10000181_thumb.jpg
Bimoli Minyak Goreng Special Refill 1000Ml,Rp 21.900,makanan-bahan-makanan,https://assets.klikindomaret.com/products/10013100/10013100_thumb.jpg
Bimoli Minyak Goreng Special Refill 2000Ml,Rp 42.500,makanan-bahan-makanan,https://assets.klikindomaret.com/products/10012753/10012753_thumb.jpg
Blue Band Margarine Cake & Cookies 1kg,Rp 93.000,makanan-bahan-makanan,https://assets.klikindomaret.com/products/20041573/20041573_thumb.jpg
Blue Band Margarine Master 2Kg,Rp 137.900,makanan-bahan-makanan,https://assets.klikindomaret.com/products/20053168/20053168_thumb.jpg
Blue Band Margarine Serbaguna 200G,Rp 9.900,makanan-bahan-makanan,https://assets.klikindomaret.com/products/10005073/10005073_thumb.jpg
Blue Band Margarine Serbaguna 250G,Rp 21.900,makanan-bahan-makanan,https://assets.klikindomaret.com/products/10000210/10000210_thumb.jpg
Bola Deli Tepung Beras 500G,Rp 10.800,makanan-bahan-makanan,https://assets.klikindomaret.com/products/20096381/20096381_thumb.jpg
Bola Deli Tepung Beras Ketan 500G,Rp 16.900,makanan-bahan-makanan,https://assets.klikindomaret.com/products/20096383/20096383_thumb.jpg
Bola Dunia Agar Agar Powder Coklat 7G,Rp 5.500,makanan-bahan-makanan,https://assets.klikindomaret.com/products/20069636/20069636_thumb.jpg
Bola Dunia Agar Agar Powder Hijau 7G,Rp 5.500,makanan-bahan-makanan,https://assets.klikindomaret.com/products/20069634/20069634_thumb.jpg
Bola Dunia Agar Agar Powder Merah 7G,Rp 5.500,makanan-bahan-makanan,https://assets.klikindomaret.com/products/20069632/20069632_thumb.jpg
Bola Dunia Agar Agar Powder Putih 7G,Rp 5.500,makanan-bahan-makanan,https://assets.klikindomaret.com/products/20069630/20069630_thumb.jpg
Borges Olive Oil Pure 250mL,Rp 74.900,makanan-bahan-makanan,https://assets.klikindomaret.com/products/20046637/20046637_thumb.jpg
Bumbu Kitchen Cabe Bubuk 50G,Rp 14.100,makanan-bahan-makanan,https://assets.klikindomaret.com/products/20106139/20106139_thumb.jpg
Bumbu Kitchen Cabe Bubuk Kasar 35G,Rp 16.000,makanan-bahan-makanan,https://assets.klikindomaret.com/products/20111791/20111791_thumb.jpg
Bumbu Kitchen Daun Sereh Bubuk 50G,Rp 16.000,makanan-bahan-makanan,https://assets.klikindomaret.com/products/20111792/20111792_thumb.jpg
Bumbu Kitchen Kunyit Bubuk 35G,Rp 12.500,makanan-bahan-makanan,https://assets.klikindomaret.com/products/20111794/20111794_thumb.jpg
Bumbu Kitchen Lada Putih Biji 60G,Rp 13.000,makanan-bahan-makanan,https://assets.klikindomaret.com/products/20111798/20111798_thumb.jpg
Bumbu Kitchen Parsley 15G,Rp 21.000,makanan-bahan-makanan,https://assets.klikindomaret.com/products/20111789/20111789_thumb.jpg
Bumbu Kitchen Rosemary 30G,Rp 26.500,makanan-bahan-makanan,https://assets.klikindomaret.com/products/20111790/20111790_thumb.jpg
Cakra Kembar Tepung Terigu 1000G,Rp 15.500,makanan-bahan-makanan,https://assets.klikindomaret.com/products/10005601/10005601_thumb.jpg
Colatta Choco Chips 150G,Rp 20.200,makanan-bahan-makanan,https://assets.klikindomaret.com/products/20072321/20072321_thumb.jpg
Daily Meal Nasi Jagung 250G,Rp 13.500,makanan-bahan-makanan,https://assets.klikindomaret.com/products/20133809/20133809_thumb.jpg
Daily Meal Nasi Singkong 250G,Rp 13.500,makanan-bahan-makanan,https://assets.klikindomaret.com/products/20133810/20133810_thumb.jpg
Del Monte Chilli Sauce Extra Hot 135mL,Rp 7.300,makanan-bahan-makanan,https://assets.klikindomaret.com/products/20009269/20009269_thumb.jpg
Del Monte Extra Hot Chilli Sauce 200G,Rp 7.300,makanan-bahan-makanan,https://assets.klikindomaret.com/products/20104152/20104152_thumb.jpg
Del Monte Ketchup Sauce Tomat 135mL,Rp 6.700,makanan-bahan-makanan,https://assets.klikindomaret.com/products/20036194/20036194_thumb.jpg
Del Monte Ketchup Sauce Tomat 1Kg,Rp 16.900,makanan-bahan-makanan,https://assets.klikindomaret.com/products/20027587/20027587_thumb.jpg
Delmonte Black Pepper Sauce 250G,Rp 10.800,makanan-bahan-makanan,https://assets.klikindomaret.com/products/20132341/20132341_thumb.jpg
Delmonte Chili Sauce Extra Hot 1Kg,Rp 23.200,makanan-bahan-makanan,https://assets.klikindomaret.com/products/20027588/20027588_thumb.jpg
Delmonte Ketchup Sauce Tomat 200g,Rp 6.700,makanan-bahan-makanan,https://assets.klikindomaret.com/products/20066049/20066049_thumb.jpg
Delmonte Ketchup Saus Tomat 24X8g,Rp 6.500,makanan-bahan-makanan,https://assets.klikindomaret.com/products/20009270/20009270_thumb.jpg
Dolphin Garam 1000G,Rp 18.000,makanan-bahan-makanan,https://assets.klikindomaret.com/products/20117256/20117256_thumb.jpg
Dolphin Garam 250g,Rp 4.900,makanan-bahan-makanan,https://assets.klikindomaret.com/products/10001518/10001518_thumb.jpg
Dolphin Garam 500G,Rp 11.500,makanan-bahan-makanan,https://assets.klikindomaret.com/products/10036791/10036791_thumb.jpg
Dolpin Garam Meja 200G,Rp 8.500,makanan-bahan-makanan,https://assets.klikindomaret.com/products/20025701/20025701_thumb.jpg
Dolpin Garam Meja 450G,Rp 12.000,makanan-bahan-makanan,https://assets.klikindomaret.com/products/20122046/20122046_thumb.jpg
Dougo Canola Oil 1000Ml,Rp 67.500,makanan-bahan-makanan,https://assets.klikindomaret.com/products/20021895/20021895_thumb.jpg
Dua Belibis Sambal Terasi 170G,Rp 18.000,makanan-bahan-makanan,https://assets.klikindomaret.com/products/20112336/20112336_thumb.jpg
Dua Belibis Saus Cabe 10X18g,Rp 9.900,makanan-bahan-makanan,https://assets.klikindomaret.com/products/20091603/20091603_thumb.jpg
Dua Belibis Saus Cabe 135Ml,Rp 10.000,makanan-bahan-makanan,https://assets.klikindomaret.com/products/20036344/20036344_thumb.jpg
Dua Belibis Saus Cabe 24X9G,Rp 14.900,makanan-bahan-makanan,https://assets.klikindomaret.com/products/20105881/20105881_thumb.jpg
Dua Belibis Saus Cabe 340Ml,Rp 24.900,makanan-bahan-makanan,https://assets.klikindomaret.com/products/20036241/20036241_thumb.webp
D'veggie Sambal Tabur Daun Jeruk 40g,Rp 17.500,makanan-bahan-makanan,https://assets.klikindomaret.com/products/20104725/20104725_thumb.jpg
Emina Cheese Slice Mozza 5'S,Rp 12.500,makanan-bahan-makanan,https://assets.klikindomaret.com/products/20113341/20113341_thumb.jpg
Enak Eco Bumbu Pecel Pedas 185G,Rp 16.900,makanan-bahan-makanan,https://assets.klikindomaret.com/products/20084600/20084600_thumb.jpg
Filippo Berio Olive Oil 250Ml,Rp 73.500,makanan-bahan-makanan,https://assets.klikindomaret.com/products/20103309/20103309_thumb.jpg
Filippo Berio Olive Oil Extra Light 250Ml,Rp 73.500,makanan-bahan-makanan,https://assets.klikindomaret.com/products/20103310/20103310_thumb.jpg
Filippo Berio Olive Oil Extra Virgin 250Ml,Rp 86.500,makanan-bahan-makanan,https://assets.klikindomaret.com/products/20103308/20103308_thumb.jpg
Filippo Berio Olive Oil Extra Virgin Spray 200Ml,Rp 80.500,makanan-bahan-makanan,https://assets.klikindomaret.com/products/20110722/20110722_thumb.jpg
Filippo Berio Olive Oil Mild & Light Spray 200Ml,Rp 73.500,makanan-bahan-makanan,https://assets.klikindomaret.com/products/20110723/20110723_thumb.jpg
Finna King Lobster Fish Sauce 200mL,Rp 14.500,makanan-bahan-makanan,https://assets.klikindomaret.com/products/10003847/10003847_thumb.jpg
Finna Sambal Terasi Uleg 10X18G,Rp 17.500,makanan-bahan-makanan,https://assets.klikindomaret.com/products/20048582/20048582_thumb.jpg
Fitri Margarine Serba Guna 200G,Rp 5.000,makanan-bahan-makanan,https://assets.klikindomaret.com/products/20122733/20122733_thumb.jpg
Haan Ice Cream Mix Chocolate 90G,Rp 15.000,makanan-bahan-makanan,https://assets.klikindomaret.com/products/20047786/20047786_thumb.jpg
Haan Ice Cream Mix Strawberry 85G,Rp 14.500,makanan-bahan-makanan,https://assets.klikindomaret.com/products/20072331/20072331_thumb.jpg
Haan Pancake Mix Vanilla 180g,Rp 17.500,makanan-bahan-makanan,https://assets.klikindomaret.com/products/20047792/20047792_thumb.jpg
Haan Wippy Cream 200g,Rp 49.900,makanan-bahan-makanan,https://assets.klikindomaret.com/products/20126312/20126312_thumb.jpg
Happy Soya Minyak Goreng Refill 1L,Rp 52.900,makanan-bahan-makanan,https://assets.klikindomaret.com/products/20113694/20113694_thumb.jpg
Heinz Indonesian Gourmet Chili Saus 125G,Rp 8.800,makanan-bahan-makanan,https://assets.klikindomaret.com/products/20116495/20116495_thumb.jpg
Heinz Korean Gourmet Chili Saus 125G,Rp 9.500,makanan-bahan-makanan,https://assets.klikindomaret.com/products/20116493/20116493_thumb.jpg
Heinz Mexican Gourmet Chili Saus 125g,Rp 9.200,makanan-bahan-makanan,https://assets.klikindomaret.com/products/20116889/20116889_thumb.jpg
Heinz Mexican Gourmet Chili Saus 325G,Rp 21.500,makanan-bahan-makanan,https://assets.klikindomaret.com/products/20116890/20116890_thumb.jpg
Ikan Dorang Minyak Kelapa Special 950mL,Rp 42.900,makanan-bahan-makanan,https://assets.klikindomaret.com/products/20018272/20018272_thumb.jpg
Ikan Dorang Virgin Coconut Oil 250mL,Rp 70.200,makanan-bahan-makanan,https://assets.klikindomaret.com/products/20123205/20123205_thumb.jpg
Indofood Bumbu Kaldu Cube Ayam 100G,Rp 10.500,makanan-bahan-makanan,https://assets.klikindomaret.com/products/10027389/10027389_thumb.jpg
Indofood Bumbu Kentang Goreng Barbekiu 25G,Rp 5.000,makanan-bahan-makanan,https://assets.klikindomaret.com/products/10040150/10040150_thumb.jpg
Indofood Bumbu Kentang Goreng Jagung Bakar 25G,Rp 5.000,makanan-bahan-makanan,https://assets.klikindomaret.com/products/10040154/10040154_thumb.jpg
Indofood Bumbu Kentang Goreng Keju 25G,Rp 5.000,makanan-bahan-makanan,https://assets.klikindomaret.com/products/10040157/10040157_thumb.jpg
Indofood Bumbu Racik Ayam Goreng 26G,Rp 2.200,makanan-bahan-makanan,https://assets.klikindomaret.com/products/20014281/20014281_thumb.jpg
Indofood Bumbu Racik Ikan Goreng 20G,Rp 2.200,makanan-bahan-makanan,https://assets.klikindomaret.com/products/20036783/20036783_thumb.jpg
Indofood Bumbu Racik Nasi Goreng 20G,Rp 2.200,makanan-bahan-makanan,https://assets.klikindomaret.com/products/20013616/20013616_thumb.jpg
Indofood Bumbu Racik Nasi Goreng Spesial Sosis 3X20g,Rp 7.000,makanan-bahan-makanan,https://assets.klikindomaret.com/products/20113574/20113574_thumb.jpg
Indofood Bumbu Racik Sayur Asem 33G,Rp 2.200,makanan-bahan-makanan,https://assets.klikindomaret.com/products/20013617/20013617_thumb.jpg
Indofood Bumbu Racik Sayur Sop 20G,Rp 2.200,makanan-bahan-makanan,https://assets.klikindomaret.com/products/20023890/20023890_thumb.jpg
Indofood Bumbu Racik Tempe + Tahu Goreng 20G,Rp 2.200,makanan-bahan-makanan,https://assets.klikindomaret.com/products/20023891/20023891_thumb.jpg
Indofood Kecap Asin 140mL,Rp 5.600,makanan-bahan-makanan,https://assets.klikindomaret.com/products/10036703/10036703_thumb.jpg
Indofood Kecap Manis 135Ml,Rp 7.500,makanan-bahan-makanan,https://assets.klikindomaret.com/products/10002983/10002983_thumb.jpg
Indofood Kecap Refill Manis 200Ml,Rp 8.700,makanan-bahan-makanan,https://assets.klikindomaret.com/products/20064956/20064956_thumb.jpg
Indofood Kecap Refill Manis 520Ml,Rp 17.400,makanan-bahan-makanan,https://assets.klikindomaret.com/products/10016646/10016646_thumb.jpg
Indofood Sambal Ala Bangkok Asam Manis 335mL,Rp 17.900,makanan-bahan-makanan,https://assets.klikindomaret.com/products/10012917/10012917_thumb.jpg
Indofood Sambal Ekstra Pedas 335Ml,Rp 15.900,makanan-bahan-makanan,https://assets.klikindomaret.com/products/10013041/10013041_thumb.jpg
Indofood Sambal Extra Pedas 135Ml,Rp 7.500,makanan-bahan-makanan,https://assets.klikindomaret.com/products/20010272/20010272_thumb.jpg
Indofood Sambal Pedas 135Ml,Rp 7.500,makanan-bahan-makanan,https://assets.klikindomaret.com/products/10002989/10002989_thumb.jpg
Indofood Sambal Pedas 335Ml,Rp 15.900,makanan-bahan-makanan,https://assets.klikindomaret.com/products/10002988/10002988_thumb.jpg
Indofood Sambal Pedas Dahsyat 135Ml,Rp 8.300,makanan-bahan-makanan,https://assets.klikindomaret.com/products/20115632/20115632_thumb.jpg
Indofood Sambal Rumahan Sambal Balado 200G,Rp 20.900,makanan-bahan-makanan,https://assets.klikindomaret.com/products/20054028/20054028_thumb.jpg
Indofood Tepung Bumbu Racik Ayam Krispi 210G,Rp 6.800,makanan-bahan-makanan,https://assets.klikindomaret.com/products/20128246/20128246_thumb.jpg
Indofood Tepung Bumbu Racik Bakwan 210G,Rp 6.800,makanan-bahan-makanan,https://assets.klikindomaret.com/products/20128245/20128245_thumb.jpg
Indofood Tepung Bumbu Racik Serbaguna 210G,Rp 6.800,makanan-bahan-makanan,https://assets.klikindomaret.com/products/20128248/20128248_thumb.jpg
Indomaret Bawang Merah Goreng 60G,Rp 26.500,makanan-bahan-makanan,https://assets.klikindomaret.com/products/20052931/20052931_thumb.jpg
Indomaret Beras Kepala Super Premium 5Kg,Rp 73.900,makanan-bahan-makanan,https://assets.klikindomaret.com/products/20119956/20119956_thumb.jpg
Indomaret Beras Merah 2Kg,Rp 46.900,makanan-bahan-makanan,https://assets.klikindomaret.com/products/20054184/20054184_thumb.jpg
Indomaret Beras Pulen Wangi Premium 5Kg,Rp 74.500,makanan-bahan-makanan,https://assets.klikindomaret.com/products/20092710/20092710_thumb.jpg
Indomaret Beras Ramos Super 5Kg,Rp 73.900,makanan-bahan-makanan,https://assets.klikindomaret.com/products/20025487/20025487_thumb.jpg
Indomaret Beras Super Pandan Wangi 5Kg,Rp 105.000,makanan-bahan-makanan,https://assets.klikindomaret.com/products/20002897/20002897_thumb.jpg
Indomaret Cuka 150Ml,Rp 5.500,makanan-bahan-makanan,https://assets.klikindomaret.com/products/20036713/20036713_thumb.jpg
Indomaret Gula Aren 200G,Rp 15.600,makanan-bahan-makanan,https://assets.klikindomaret.com/products/20103654/20103654_thumb.jpg
Indomaret Gula Aren Stick 20X6g,Rp 9.800,makanan-bahan-makanan,https://assets.klikindomaret.com/products/20085280/20085280_thumb.jpg
Indomaret Gula Batu 225G,Rp 8.800,makanan-bahan-makanan,https://assets.klikindomaret.com/products/20069092/20069092_thumb.jpg
Indomaret Gula Halus 250G,Rp 8.000,makanan-bahan-makanan,https://assets.klikindomaret.com/products/20096173/20096173_thumb.jpg
Indomaret Gula Merah  400G,Rp 11.200,makanan-bahan-makanan,https://assets.klikindomaret.com/products/20000411/20000411_thumb.jpg
Indomaret Gula Pasir Premium Kuning 1Kg,Rp 17.300,makanan-bahan-makanan,https://assets.klikindomaret.com/products/20052296/20052296_thumb.jpg
Indomaret Gula Pasir Premium Putih 1Kg,Rp 17.300,makanan-bahan-makanan,https://assets.klikindomaret.com/products/20042991/20042991_thumb.jpg
Indomaret Gula Pasir Stick 30X8g,Rp 8.600,makanan-bahan-makanan,https://assets.klikindomaret.com/products/20085279/20085279_thumb.jpg
Indomaret Kacang Hijau 500G,Rp 21.900,makanan-bahan-makanan,https://assets.klikindomaret.com/products/20000412/20000412_thumb.jpg
Indomaret Ketan Hitam 500G,Rp 20.700,makanan-bahan-makanan,https://assets.klikindomaret.com/products/20088561/20088561_thumb.jpg
Indomaret Ketan Putih 500G,Rp 14.700,makanan-bahan-makanan,https://assets.klikindomaret.com/products/20088559/20088559_thumb.jpg
Indomaret Pop Corn 200G,Rp 7.500,makanan-bahan-makanan,https://assets.klikindomaret.com/products/20061785/20061785_thumb.jpg
Indomaret Santan Kelapa 65Ml,Rp 3.100,makanan-bahan-makanan,https://assets.klikindomaret.com/products/20115331/20115331_thumb.jpg
Jempol Sambal Pedas 320Ml,Rp 21.500,makanan-bahan-makanan,https://assets.klikindomaret.com/products/10000060/10000060_thumb.jpg
Kewpie Mayonnaise Original 70G,Rp 9.900,makanan-bahan-makanan,https://assets.klikindomaret.com/products/20126527/20126527_thumb.jpg
Kewpie Roasted Sesame Wijen Sangrai 200mL,Rp 39.800,makanan-bahan-makanan,https://assets.klikindomaret.com/products/20101391/20101391_thumb.jpg
Kewpie Saus Siram Kecap Ala Jepang 200mL,Rp 35.900,makanan-bahan-makanan,https://assets.klikindomaret.com/products/20103381/20103381_thumb.jpg
Kewpie Saus Siram Thousand Island 200mL,Rp 35.500,makanan-bahan-makanan,https://assets.klikindomaret.com/products/20103382/20103382_thumb.jpg
Kikkoman Kecap Asin Khas Jepang 150Ml,Rp 21.000,makanan-bahan-makanan,https://assets.klikindomaret.com/products/20093590/20093590_thumb.jpg
Kikkoman Saus Teriyaki Bawang 300G,Rp 20.200,makanan-bahan-makanan,https://assets.klikindomaret.com/products/20093591/20093591_thumb.jpg
Kobe Bon Cabe Cabai Kering Berbumbu Original 45G,Rp 11.500,makanan-bahan-makanan,https://assets.klikindomaret.com/products/20042089/20042089_thumb.jpg
Kobe Bon Cabe Sambal Tabur Level 15 45G,Rp 11.500,makanan-bahan-makanan,https://assets.klikindomaret.com/products/20047809/20047809_thumb.jpg
Kobe Bon Cabe Sambal Tabur Level 30 40G,Rp 15.500,makanan-bahan-makanan,https://assets.klikindomaret.com/products/20074334/20074334_thumb.jpg
Kobe Bon Cabe Sambal Tabur Max End Level 50 30G,Rp 16.500,makanan-bahan-makanan,https://assets.klikindomaret.com/products/20117663/20117663_thumb.jpg
Kobe Bon Cabe Sambal Tabur Nori Level 2 35G,Rp 13.800,makanan-bahan-makanan,https://assets.klikindomaret.com/products/20115355/20115355_thumb.jpg
Kobe Bon Cabe Sambal Tabur Refill Original Level 15 40G,Rp 6.800,makanan-bahan-makanan,https://assets.klikindomaret.com/products/20113205/20113205_thumb.jpg
Kobe Bumbu Aduk Nasi Kuning 3X15G,Rp 7.500,makanan-bahan-makanan,https://assets.klikindomaret.com/products/20135466/20135466_thumb.jpg
Kobe Bumbu Aduk Nasi Uduk 3X15G,Rp 7.500,makanan-bahan-makanan,https://assets.klikindomaret.com/products/20129197/20129197_thumb.jpg
Kobe Bumbu Nasi Goreng Super Pedas 20G,Rp 2.400,makanan-bahan-makanan,https://assets.klikindomaret.com/products/20059859/20059859_thumb.jpg
Kobe Bumbu Rendang 3X20G,Rp 7.500,makanan-bahan-makanan,https://assets.klikindomaret.com/products/20135428/20135428_thumb.jpg
Kobe Saus Tiram Selera 170g,Rp 10.000,makanan-bahan-makanan,https://assets.klikindomaret.com/products/20090734/20090734_thumb.jpg
Kobe Tepung Bumbu Bakwan Kress 200G,Rp 5.800,makanan-bahan-makanan,https://assets.klikindomaret.com/products/20090737/20090737_thumb.jpg
Kobe Tepung Bumbu Kentucky Super Crispy 200G,Rp 7.300,makanan-bahan-makanan,https://assets.klikindomaret.com/products/20052439/20052439_thumb.jpg
Kobe Tepung Bumbu Serbaguna Premium 130G,Rp 7.300,makanan-bahan-makanan,https://assets.klikindomaret.com/products/20120894/20120894_thumb.jpg
Kobe Tepung Tempe Kriuk 200G,Rp 7.300,makanan-bahan-makanan,https://assets.klikindomaret.com/products/20094123/20094123_thumb.jpg
Koepoe Koepoe Baking Powder 45G,Rp 7.900,makanan-bahan-makanan,https://assets.klikindomaret.com/products/10002893/10002893_thumb.jpg
Koepoe Koepoe Lada Halus Putih 85G,Rp 31.900,makanan-bahan-makanan,https://assets.klikindomaret.com/products/10036773/10036773_thumb.jpg
Koepoe Koepoe Lada Putih Bubuk 10X2g,Rp 6.100,makanan-bahan-makanan,https://assets.klikindomaret.com/products/20093338/20093338_thumb.jpg
Koepoe Koepoe Soda Kue 81G,Rp 5.500,makanan-bahan-makanan,https://assets.klikindomaret.com/products/10002894/10002894_thumb.jpg
Koepoe-Koepoe Lada Hitam Bubuk 83G,Rp 26.900,makanan-bahan-makanan,https://assets.klikindomaret.com/products/10036774/10036774_thumb.jpg
Kokita Tauco Super 400Ml,Rp 22.500,makanan-bahan-makanan,https://assets.klikindomaret.com/products/20003892/20003892_thumb.jpg
Kraft Cheese Single 8 Slices 120g,Rp 25.200,makanan-bahan-makanan,https://assets.klikindomaret.com/products/10000465/10000465_thumb.jpg
Kraft Keju Cheddar 30g,Rp 5.500,makanan-bahan-makanan,https://assets.klikindomaret.com/products/20015029/20015029_thumb.jpg
Kraft Keju Cheddar 70g,Rp 12.700,makanan-bahan-makanan,https://assets.klikindomaret.com/products/20049621/20049621_thumb.jpg
Kraft Keju Single Tinggi Kalsium 5 Lembar,Rp 14.300,makanan-bahan-makanan,https://assets.klikindomaret.com/products/10002565/10002565_thumb.jpg
Kunci Biru Tepung Terigu 1000G,Rp 14.500,makanan-bahan-makanan,https://assets.klikindomaret.com/products/10005600/10005600_thumb.jpg
La Fancy Bawang Bombay Bubuk 65G,Rp 22.500,makanan-bahan-makanan,https://assets.klikindomaret.com/products/20127787/20127787_thumb.jpg
La Fancy Bumbu Ngo Hiong 48G,Rp 12.900,makanan-bahan-makanan,https://assets.klikindomaret.com/products/20127789/20127789_thumb.jpg
La Fancy Daun Oregano 15G,Rp 13.200,makanan-bahan-makanan,https://assets.klikindomaret.com/products/20108964/20108964_thumb.jpg
La Fancy Kayu Manis Bubuk 60g,Rp 8.100,makanan-bahan-makanan,https://assets.klikindomaret.com/products/20108953/20108953_thumb.jpg
La Fancy Ketumbar Bubuk 42g,Rp 8.500,makanan-bahan-makanan,https://assets.klikindomaret.com/products/20108950/20108950_thumb.jpg
La Fancy Kunyit Bubuk 42g,Rp 8.500,makanan-bahan-makanan,https://assets.klikindomaret.com/products/20108954/20108954_thumb.jpg
La Fancy Merica Hitam Bubuk 57g,Rp 23.500,makanan-bahan-makanan,https://assets.klikindomaret.com/products/20108946/20108946_thumb.jpg
La Fancy Merica Hitam Remah 60g,Rp 32.000,makanan-bahan-makanan,https://assets.klikindomaret.com/products/20108949/20108949_thumb.jpg
La Fancy Merica Putih Bubuk 70g,Rp 33.000,makanan-bahan-makanan,https://assets.klikindomaret.com/products/20108944/20108944_thumb.jpg
La Fancy Pala Bubuk 60g,Rp 17.700,makanan-bahan-makanan,https://assets.klikindomaret.com/products/20108958/20108958_thumb.jpg
La Fancy Paprika Bubuk 47G,Rp 22.500,makanan-bahan-makanan,https://assets.klikindomaret.com/products/20127788/20127788_thumb.jpg
La Fonte Pasta Sauce Bolognese 315G,Rp 19.900,makanan-bahan-makanan,https://assets.klikindomaret.com/products/20024512/20024512_thumb.jpg
Ladaku Merica Bubuk 6X4g,Rp 7.000,makanan-bahan-makanan,https://assets.klikindomaret.com/products/20104716/20104716_thumb.jpg
Ladang Lima Tepung Bumbu Serbaguna 150G,Rp 14.900,makanan-bahan-makanan,https://assets.klikindomaret.com/products/20122272/20122272_thumb.jpg
Ladang Lima Tepung Mocaf 500G,Rp 17.900,makanan-bahan-makanan,https://assets.klikindomaret.com/products/20129598/20129598_thumb.jpg
Larisst Beras Kepala Super 5Kg,Rp 73.900,makanan-bahan-makanan,https://assets.klikindomaret.com/products/20080198/20080198_thumb.jpg
Lee Kum Kee Bumbu Sup Ayam Hot Pot 60G,Rp 10.700,makanan-bahan-makanan,https://assets.klikindomaret.com/products/20082273/20082273_thumb.jpg
Lee Kum Kee Oyster Sauce (Sauce Tiram) 907G,Rp 78.900,makanan-bahan-makanan,https://assets.klikindomaret.com/products/20052760/20052760_thumb.jpg
Lee Kum Kee Pure Sesame Oil 115Ml,Rp 52.500,makanan-bahan-makanan,https://assets.klikindomaret.com/products/20031771/20031771_thumb.jpg
Lee Kum Kee Soy Souce 250Ml,Rp 27.500,makanan-bahan-makanan,https://assets.klikindomaret.com/products/20082271/20082271_thumb.jpg
Lobo Bumbu Pasta Tom Yum 30G,Rp 10.500,makanan-bahan-makanan,https://assets.klikindomaret.com/products/20117257/20117257_thumb.jpg
Maestro Blue Cheese  237ml,Rp 23.900,makanan-bahan-makanan,https://assets.klikindomaret.com/products/20004617/20004617_thumb.jpg
Maestro Mayonaise Pedas 100G,Rp 5.000,makanan-bahan-makanan,https://assets.klikindomaret.com/products/20082350/20082350_thumb.jpg
Maestro Mayonnaise 100G,Rp 5.900,makanan-bahan-makanan,https://assets.klikindomaret.com/products/20049493/20049493_thumb.jpg
Maestro Mayonnaise 1Kg,Rp 30.200,makanan-bahan-makanan,https://assets.klikindomaret.com/products/20034938/20034938_thumb.jpg
Maestro Saus Tiram Selera 270Ml,Rp 15.000,makanan-bahan-makanan,https://assets.klikindomaret.com/products/20117166/20117166_thumb.jpg
Maestro Thousand Island Salad Dressing 100G,Rp 5.900,makanan-bahan-makanan,https://assets.klikindomaret.com/products/20099766/20099766_thumb.jpg
Maestro Thousand Island Salad Dressing 180G,Rp 8.100,makanan-bahan-makanan,https://assets.klikindomaret.com/products/20104116/20104116_thumb.jpg
Maestro Thousand Island Salad Dressing 1Kg,Rp 29.500,makanan-bahan-makanan,https://assets.klikindomaret.com/products/20049575/20049575_thumb.jpg
Maestro Thousand Island Salad Dressing 237ml,Rp 22.500,makanan-bahan-makanan,https://assets.klikindomaret.com/products/10038116/10038116_thumb.jpg
Maestro Wijen Sangrai Salad Dressing 100g,Rp 5.000,makanan-bahan-makanan,https://assets.klikindomaret.com/products/20099768/20099768_thumb.jpg
Maizena 328 Tepung Jagung 150g,Rp 7.900,makanan-bahan-makanan,https://assets.klikindomaret.com/products/20115555/20115555_thumb.jpg
Maizena 328 Tepung Jagung 1Kg,Rp 24.900,makanan-bahan-makanan,https://assets.klikindomaret.com/products/20115558/20115558_thumb.jpg
Maizena 328 Tepung Jagung 300g,Rp 14.900,makanan-bahan-makanan,https://assets.klikindomaret.com/products/20115557/20115557_thumb.jpg
Maizenaku Tepung Jagung 150G,Rp 7.000,makanan-bahan-makanan,https://assets.klikindomaret.com/products/10000587/10000587_thumb.jpg
Maizenaku Tepung Jagung 300G,Rp 12.900,makanan-bahan-makanan,https://assets.klikindomaret.com/products/10036829/10036829_thumb.jpg
Mamakoko Santan 65mL,Rp 3.400,makanan-bahan-makanan,https://assets.klikindomaret.com/products/20122808/20122808_thumb.jpg
Mamasuka Delisaos Saus Pasta Arrabbiata 315G,Rp 17.300,makanan-bahan-makanan,https://assets.klikindomaret.com/products/20098767/20098767_thumb.jpg
Mamasuka Delisaos Saus Tiram Udang & Jamur 260Ml,Rp 19.500,makanan-bahan-makanan,https://assets.klikindomaret.com/products/20098776/20098776_thumb.jpg
Mamasuka Gim Bori Rumput Laut Tabur Original 30G,Rp 14.500,makanan-bahan-makanan,https://assets.klikindomaret.com/products/20128242/20128242_thumb.jpg
Mamasuka Gim Bori Rumput Laut Tabur Pedas 30G,Rp 14.500,makanan-bahan-makanan,https://assets.klikindomaret.com/products/20128243/20128243_thumb.jpg
Mamasuka Mayonnais 300G,Rp 34.900,makanan-bahan-makanan,https://assets.klikindomaret.com/products/20037642/20037642_thumb.jpg
Mamasuka Pancake Mix Powder 190G,Rp 12.000,makanan-bahan-makanan,https://assets.klikindomaret.com/products/20081237/20081237_thumb.jpg
Mamasuka Pati Jagung Maizena 150G,Rp 5.500,makanan-bahan-makanan,https://assets.klikindomaret.com/products/20101243/20101243_thumb.jpg
Mamasuka Salad Dressing Wijen Sangrai 100G,Rp 6.500,makanan-bahan-makanan,https://assets.klikindomaret.com/products/20109617/20109617_thumb.jpg
Mamasuka Saus Sambal Delisaos Hot Lava 130Ml,Rp 9.500,makanan-bahan-makanan,https://assets.klikindomaret.com/products/20091863/20091863_thumb.jpg
Mamasuka Saus Sambal Delisaos Hot Lava 260Ml,Rp 15.900,makanan-bahan-makanan,https://assets.klikindomaret.com/products/20091864/20091864_thumb.jpg
Mamasuka Saus Sambal Delisaos Hot Lava Volcano 130mL,Rp 9.500,makanan-bahan-makanan,https://assets.klikindomaret.com/products/20123098/20123098_thumb.jpg
Mamasuka Tepung Bakwan Krispi 225G,Rp 7.500,makanan-bahan-makanan,https://assets.klikindomaret.com/products/10028410/10028410_thumb.jpg
Mamasuka Tepung Bumbu Krispi Kentucky 210G,Rp 7.200,makanan-bahan-makanan,https://assets.klikindomaret.com/products/20123095/20123095_thumb.jpg
Mamasuka Tepung Roti 100G,Rp 10.300,makanan-bahan-makanan,https://assets.klikindomaret.com/products/20022639/20022639_thumb.jpg
Mazola Canola Oil 450mL,Rp 52.000,makanan-bahan-makanan,https://assets.klikindomaret.com/products/20119634/20119634_thumb.jpg
Mazola Canola Oil 900mL,Rp 94.000,makanan-bahan-makanan,https://assets.klikindomaret.com/products/20053633/20053633_thumb.jpg
Mazola Corn Oil 450mL,Rp 57.000,makanan-bahan-makanan,https://assets.klikindomaret.com/products/20119632/20119632_thumb.jpg
Mazola Corn Oil 900mL,Rp 104.500,makanan-bahan-makanan,https://assets.klikindomaret.com/products/10002944/10002944_thumb.jpg
Mazola Soya Bean Oil 450mL,Rp 54.000,makanan-bahan-makanan,https://assets.klikindomaret.com/products/20119637/20119637_thumb.jpg
Mazola Soya Bean Oil 900mL,Rp 94.500,makanan-bahan-makanan,https://assets.klikindomaret.com/products/20053634/20053634_thumb.jpg
Mazola Sun Flower Oil 450mL,Rp 50.800,makanan-bahan-makanan,https://assets.klikindomaret.com/products/20119636/20119636_thumb.jpg
Mazola Sun Flower Oil 900mL,Rp 90.700,makanan-bahan-makanan,https://assets.klikindomaret.com/products/20053632/20053632_thumb.jpg
Mc Cormick Oregano Leaves 10G,Rp 31.200,makanan-bahan-makanan,https://assets.klikindomaret.com/products/20109032/20109032_thumb.jpg
Meg Keju Serbaguna 10'S 150G,Rp 13.600,makanan-bahan-makanan,https://assets.klikindomaret.com/products/20103166/20103166_thumb.webp
Meg Keju Serbaguna 160G,Rp 14.200,makanan-bahan-makanan,https://assets.klikindomaret.com/products/20069701/20069701_thumb.webp
Mom's Recipe Silky Puding Bubuk Strawberry 110G,Rp 13.500,makanan-bahan-makanan,https://assets.klikindomaret.com/products/20132654/20132654_thumb.jpg
Morin Topping Caramel 310g,Rp 26.500,makanan-bahan-makanan,https://assets.klikindomaret.com/products/20108200/20108200_thumb.webp
My Vla Bubuk Instan Vla Coklat 63G,Rp 6.900,makanan-bahan-makanan,https://assets.klikindomaret.com/products/20040434/20040434_thumb.jpg
My Vla Bubuk Instan Vla Vanila 60G,Rp 6.900,makanan-bahan-makanan,https://assets.klikindomaret.com/products/20040435/20040435_thumb.jpg
Nutricake Instant Cake Brownies Chocolate 230G,Rp 17.600,makanan-bahan-makanan,https://assets.klikindomaret.com/products/20071511/20071511_thumb.jpg
Nutrijell Konnyaku Jelly Powder Cincau 15G,Rp 6.500,makanan-bahan-makanan,https://assets.klikindomaret.com/products/20031946/20031946_thumb.jpg
Nutrijell Konnyaku Jelly Powder Coklat 25G,Rp 7.900,makanan-bahan-makanan,https://assets.klikindomaret.com/products/10025449/10025449_thumb.jpg
Nutrijell Konnyaku Jelly Powder Grape 15G,Rp 6.500,makanan-bahan-makanan,https://assets.klikindomaret.com/products/20046858/20046858_thumb.jpg
Nutrijell Konnyaku Jelly Powder Kelapa Muda 15G,Rp 6.500,makanan-bahan-makanan,https://assets.klikindomaret.com/products/20076797/20076797_thumb.jpg
Nutrijell Konnyaku Jelly Powder Leci 15G,Rp 6.500,makanan-bahan-makanan,https://assets.klikindomaret.com/products/10016718/10016718_thumb.jpg
Nutrijell Konnyaku Jelly Powder Mango15g,Rp 6.500,makanan-bahan-makanan,https://assets.klikindomaret.com/products/10023618/10023618_thumb.jpg
Nutrijell Konnyaku Jelly Powder Melon 15G Pck,Rp 6.500,makanan-bahan-makanan,https://assets.klikindomaret.com/products/10016793/10016793_thumb.jpg
Nutrijell Konnyaku Jelly Powder Plain 15G,Rp 6.500,makanan-bahan-makanan,https://assets.klikindomaret.com/products/10016716/10016716_thumb.jpg
Nutrijell Konnyaku Jelly Powder Strawberry 15G Pck,Rp 6.500,makanan-bahan-makanan,https://assets.klikindomaret.com/products/10016719/10016719_thumb.jpg
Pak Tani Gunung Tepung Tapioka 500G,Rp 13.700,makanan-bahan-makanan,https://assets.klikindomaret.com/products/20038013/20038013_thumb.jpg
Palmia Margarine Serbaguna 200G,Rp 6.300,makanan-bahan-makanan,https://assets.klikindomaret.com/products/10000439/10000439_thumb.jpg
Palmia Royal Butter Margarine 200G,Rp 8.900,makanan-bahan-makanan,https://assets.klikindomaret.com/products/20052877/20052877_thumb.jpg
Pearl River Bridge Soy Sauce Mushroom 600mL,Rp 41.000,makanan-bahan-makanan,https://assets.klikindomaret.com/products/10016160/10016160_thumb.webp
Pro Chiz Keju Cheddar Royale 160G,Rp 20.600,makanan-bahan-makanan,https://assets.klikindomaret.com/products/20036469/20036469_thumb.jpg
Pro Chiz Keju Gold Cheddar 60G,Rp 5.800,makanan-bahan-makanan,https://assets.klikindomaret.com/products/20118903/20118903_thumb.webp
Pro Chiz Keju Gold Slice 12'S 156G,Rp 12.400,makanan-bahan-makanan,https://assets.klikindomaret.com/products/20096979/20096979_thumb.jpg
Pro Chiz Keju Spreadable 160G,Rp 14.000,makanan-bahan-makanan,https://assets.klikindomaret.com/products/20055496/20055496_thumb.jpg
Pronas Bumbu Nasi Goreng Daging Sapi 110G,Rp 13.200,makanan-bahan-makanan,https://assets.klikindomaret.com/products/20025757/20025757_thumb.jpg
Pronas Sauce Spaghetti Bolognais 350G,Rp 28.500,makanan-bahan-makanan,https://assets.klikindomaret.com/products/20039621/20039621_thumb.jpg
Refina Garam Meja Murni 500G,Rp 10.500,makanan-bahan-makanan,https://assets.klikindomaret.com/products/10006168/10006168_thumb.jpg
Rose Brand Gula Halus 500G,Rp 11.700,makanan-bahan-makanan,https://assets.klikindomaret.com/products/20096440/20096440_thumb.jpg
Rose Brand Santan Kelapa Siap Pakai 200Ml,Rp 10.000,makanan-bahan-makanan,https://assets.klikindomaret.com/products/20108737/20108737_thumb.webp
Rose Tepung Beras 500G,Rp 10.500,makanan-bahan-makanan,https://assets.klikindomaret.com/products/10000509/10000509_thumb.jpg
Royco Bumbu Kaldu Ayam 100G,Rp 5.900,makanan-bahan-makanan,https://assets.klikindomaret.com/products/10005820/10005820_thumb.jpg
Royco Bumbu Kaldu Ayam 220G,Rp 11.700,makanan-bahan-makanan,https://assets.klikindomaret.com/products/20084469/20084469_thumb.jpg
Royco Bumbu Kaldu Sapi 220G,Rp 11.500,makanan-bahan-makanan,https://assets.klikindomaret.com/products/20084470/20084470_thumb.jpg
Royco Bumbu Kuah Bakso 100G,Rp 8.500,makanan-bahan-makanan,https://assets.klikindomaret.com/products/20049291/20049291_thumb.jpg
Royco Bumbu Pelezat Serbaguna Ayam 1000g,Rp 46.200,makanan-bahan-makanan,https://assets.klikindomaret.com/products/20039424/20039424_thumb.jpg
Royco Bumbu Pelezat Serbaguna Sapi 1000g,Rp 46.200,makanan-bahan-makanan,https://assets.klikindomaret.com/products/20039423/20039423_thumb.jpg
Samyang Buldak Sauce Original 200G,Rp 82.500,makanan-bahan-makanan,https://assets.klikindomaret.com/products/20112750/20112750_thumb.jpg
Sania Beras Premium 5Kg,Rp 74.500,makanan-bahan-makanan,https://assets.klikindomaret.com/products/20090009/20090009_thumb.jpg
Sania Minyak Goreng Refill 1000 Ml,Rp 19.200,makanan-bahan-makanan,https://assets.klikindomaret.com/products/10010804/10010804_thumb.jpg
Sania Royale Rice Bran Oil 1L,Rp 81.000,makanan-bahan-makanan,https://assets.klikindomaret.com/products/20132540/20132540_thumb.jpg
Sasa Bumbu Lumur Ayam Spesial 26G,Rp 2.500,makanan-bahan-makanan,https://assets.klikindomaret.com/products/20025563/20025563_thumb.jpg
Sasa Bumbu Masak 100G,Rp 6.700,makanan-bahan-makanan,https://assets.klikindomaret.com/products/10000431/10000431_thumb.jpg
Sasa Bumbu Masak 250G,Rp 15.900,makanan-bahan-makanan,https://assets.klikindomaret.com/products/10003696/10003696_thumb.jpg
Sasa Bumbu Masak 500g,Rp 30.500,makanan-bahan-makanan,https://assets.klikindomaret.com/products/10036785/10036785_thumb.jpg
Sasa Bumbu Nasi Goreng Ayam Special 20g,Rp 2.200,makanan-bahan-makanan,https://assets.klikindomaret.com/products/20034041/20034041_thumb.jpg
Sasa Bumbu Nasi Goreng Jawa 20g,Rp 2.200,makanan-bahan-makanan,https://assets.klikindomaret.com/products/20034042/20034042_thumb.jpg
Sasa Bumbu Serbaguna Sapi 250G,Rp 8.200,makanan-bahan-makanan,https://assets.klikindomaret.com/products/10015921/10015921_thumb.jpg
Sasa Bumbu Ungkep Ayam Kalasan 33G,Rp 1.600,makanan-bahan-makanan,https://assets.klikindomaret.com/products/20057291/20057291_thumb.jpg
Sasa Bumbu Ungkep Ayam Kuning 25G,Rp 2.000,makanan-bahan-makanan,https://assets.klikindomaret.com/products/20057290/20057290_thumb.jpg
Sasa House Kari Jepang Orignal 40G,Rp 9.200,makanan-bahan-makanan,https://assets.klikindomaret.com/products/20134777/20134777_thumb.jpg
Sasa House Kari Jepang Pedas 40G,Rp 9.200,makanan-bahan-makanan,https://assets.klikindomaret.com/products/20134778/20134778_thumb.jpg
Sasa Sambal Asli 135G,Rp 8.700,makanan-bahan-makanan,https://assets.klikindomaret.com/products/10004367/10004367_thumb.jpg
Sasa Sambal Asli 340Ml,Rp 20.000,makanan-bahan-makanan,https://assets.klikindomaret.com/products/10004369/10004369_thumb.jpg
Sasa Sambal Extra Hot 135Ml,Rp 8.700,makanan-bahan-makanan,https://assets.klikindomaret.com/products/10008480/10008480_thumb.jpg
Sasa Sambal Extra Hot 24X8G,Rp 8.100,makanan-bahan-makanan,https://assets.klikindomaret.com/products/10031438/10031438_thumb.jpg
Sasa Sambal Extra Hot 340Ml,Rp 20.000,makanan-bahan-makanan,https://assets.klikindomaret.com/products/10008481/10008481_thumb.jpg
Sasa Sambal Terasi 10X18G,Rp 12.800,makanan-bahan-makanan,https://assets.klikindomaret.com/products/20094190/20094190_thumb.jpg
Sasa Sambal Terasi 180G,Rp 16.700,makanan-bahan-makanan,https://assets.klikindomaret.com/products/20063484/20063484_thumb.jpg
Sasa Santan Bubuk 75G,Rp 7.300,makanan-bahan-makanan,https://assets.klikindomaret.com/products/20072570/20072570_thumb.jpg
Sasa Santan Kelapa 200Ml,Rp 9.900,makanan-bahan-makanan,https://assets.klikindomaret.com/products/20087284/20087284_thumb.jpg
Sasa Santan Kelapa Cair 65Ml,Rp 3.500,makanan-bahan-makanan,https://assets.klikindomaret.com/products/20088712/20088712_thumb.jpg
Sasa Tepung Bakwan Spesial 225G,Rp 7.300,makanan-bahan-makanan,https://assets.klikindomaret.com/products/20065236/20065236_thumb.jpg
Sasa Tepung Bumbu Ala Kentucky 200G,Rp 7.300,makanan-bahan-makanan,https://assets.klikindomaret.com/products/20041881/20041881_thumb.jpg
Sasa Tepung Bumbu Ala Kentucky 850G,Rp 20.400,makanan-bahan-makanan,https://assets.klikindomaret.com/products/20098061/20098061_thumb.jpg
Sasa Tepung Bumbu Corainder 200G,Rp 19.900,makanan-bahan-makanan,https://assets.klikindomaret.com/products/20133941/20133941_thumb.jpg
Sasa Tepung Bumbu Rendang 200G,Rp 19.900,makanan-bahan-makanan,https://assets.klikindomaret.com/products/20133940/20133940_thumb.jpg
Sasa Tepung Bumbu Serbaguna Hot Spicy 210G,Rp 7.300,makanan-bahan-makanan,https://assets.klikindomaret.com/products/20003568/20003568_thumb.jpg
Sasa Tepung Bumbu Serbaguna Original 210G,Rp 7.300,makanan-bahan-makanan,https://assets.klikindomaret.com/products/20003567/20003567_thumb.jpg
Sasa Tepung Goreng Pisang 210G,Rp 7.300,makanan-bahan-makanan,https://assets.klikindomaret.com/products/20014694/20014694_thumb.jpg
Sasa Tepung Pisang Madu 200G,Rp 19.900,makanan-bahan-makanan,https://assets.klikindomaret.com/products/20133938/20133938_thumb.jpg
Sedaap Bumbu Kaldu Ayam 250G,Rp 9.800,makanan-bahan-makanan,https://assets.klikindomaret.com/products/20133690/20133690_thumb.jpg
Sedaap Bumbu Kaldu Sapi 250G,Rp 9.800,makanan-bahan-makanan,https://assets.klikindomaret.com/products/20133691/20133691_thumb.jpg
Sedaap Kecap Manis 210mL,Rp 8.100,makanan-bahan-makanan,https://assets.klikindomaret.com/products/20068238/20068238_thumb.jpg
Sedaap Kecap Manis Special 275mL,Rp 19.500,makanan-bahan-makanan,https://assets.klikindomaret.com/products/20124333/20124333_thumb.jpg
Segitiga Biru Tepung Terigu 1000G,Rp 14.900,makanan-bahan-makanan,https://assets.klikindomaret.com/products/10005599/10005599_thumb.jpg
Silky Pudding Bubuk Avocado 155G,Rp 17.500,makanan-bahan-makanan,https://assets.klikindomaret.com/products/20106843/20106843_thumb.jpg
Silky Pudding Bubuk Bubble Gum 155G,Rp 17.500,makanan-bahan-makanan,https://assets.klikindomaret.com/products/20096507/20096507_thumb.jpg
Sovia Minyak Goreng 1L,Rp 18.900,makanan-bahan-makanan,https://assets.klikindomaret.com/products/20077116/20077116_thumb.jpg
Sun Kara Santan Kelapa Siap Pakai 200Ml,Rp 12.500,makanan-bahan-makanan,https://assets.klikindomaret.com/products/10007415/10007415_thumb.jpg
Sun Kara Santan Kelapa Siap Pakai 65Ml,Rp 3.900,makanan-bahan-makanan,https://assets.klikindomaret.com/products/10022118/10022118_thumb.jpg
Swallow Globe Agar Agar Powder Coklat 7G,Rp 5.500,makanan-bahan-makanan,https://assets.klikindomaret.com/products/10036815/10036815_thumb.jpg
Swallow Globe Agar Agar Powder Hijau 7G,Rp 5.500,makanan-bahan-makanan,https://assets.klikindomaret.com/products/10036821/10036821_thumb.jpg
Swallow Globe Agar Agar Powder Merah 7G,Rp 5.500,makanan-bahan-makanan,https://assets.klikindomaret.com/products/10036819/10036819_thumb.jpg
Swallow Globe Agar Agar Powder Putih 7G,Rp 5.500,makanan-bahan-makanan,https://assets.klikindomaret.com/products/10036817/10036817_thumb.jpg
Totole Bumbu Kaldu Ayam 100g,Rp 12.900,makanan-bahan-makanan,https://assets.klikindomaret.com/products/20105235/20105235_thumb.jpg
Totole Bumbu Kaldu Jamur 200g,Rp 28.900,makanan-bahan-makanan,https://assets.klikindomaret.com/products/20096688/20096688_thumb.jpg
Totole Bumbu Kaldu Jamur 400g,Rp 57.500,makanan-bahan-makanan,https://assets.klikindomaret.com/products/20096692/20096692_thumb.jpg
Totole Bumbu Kaldu Jamur 80g,Rp 12.700,makanan-bahan-makanan,https://assets.klikindomaret.com/products/20104719/20104719_thumb.jpg
Tropical Minyak Goreng 1000Ml,Rp 20.500,makanan-bahan-makanan,https://assets.klikindomaret.com/products/10038881/10038881_thumb.jpg
Tropicana Slim Korean Goguma Cookies 100g,Rp 30.000,makanan-bahan-makanan,https://assets.klikindomaret.com/products/20117879/20117879_thumb.jpg
Tropicana Slim Salty Soy Sauce 200Ml,Rp 30.200,makanan-bahan-makanan,https://assets.klikindomaret.com/products/20040959/20040959_thumb.jpg
Tropicana Slim Saus Tiram 200mL,Rp 38.900,makanan-bahan-makanan,https://assets.klikindomaret.com/products/20125005/20125005_thumb.jpg
Daily Meal Nasi Jagung 1Kg,Rp 39.900,makanan-bahan-makanan,https://assets.klikindomaret.com/products/20131789/20131789_thumb.jpg
Daily Meal Nasi Singkong 1Kg,Rp 39.900,makanan-bahan-makanan,https://assets.klikindomaret.com/products/20131791/20131791_thumb.jpg
Fs Melati Beras Setra Ramos 5Kg,Rp 74.500,makanan-bahan-makanan,https://assets.klikindomaret.com/products/20087541/20087541_thumb.jpg
GMP Gula Pasir 1Kg,Rp 17.500,makanan-bahan-makanan,https://assets.klikindomaret.com/products/20078207/20078207_thumb.webp
Green Valley Grated Parmesan Cheese 80g,Rp 44.000,makanan-bahan-makanan,https://assets.klikindomaret.com/products/20109023/20109023_thumb.jpg
Gulaku Gula Tebu (Kuning) 1000G,Rp 17.500,makanan-bahan-makanan,https://assets.klikindomaret.com/products/10021008/10021008_thumb.jpg
Gulaku Gula Tebu (Putih) Premium 1000G,Rp 17.500,makanan-bahan-makanan,https://assets.klikindomaret.com/products/10021010/10021010_thumb.jpg
Gulavit Gula Kristal Putih 1Kg,Rp 17.500,makanan-bahan-makanan,https://assets.klikindomaret.com/products/20113564/20113564_thumb.webp
Kongbap Multi Grain Mix 6'S 150g,Rp 14.900,makanan-bahan-makanan,https://assets.klikindomaret.com/products/20070691/20070691_thumb.jpg
Kongbap Multi Grain Mix Chia Seed & Quinoa 150g,Rp 14.900,makanan-bahan-makanan,https://assets.klikindomaret.com/products/20083143/20083143_thumb.jpg
Larisst Beras Premium 2.5Kg,Rp 37.200,makanan-bahan-makanan,https://assets.klikindomaret.com/products/20128850/20128850_thumb.jpg
Larisst Beras Premium 5Kg,Rp 73.900,makanan-bahan-makanan,https://assets.klikindomaret.com/products/20134759/20134759_thumb.webp
Larisst Gula Kelapa 400G,Rp 16.900,makanan-bahan-makanan,https://assets.klikindomaret.com/products/20133802/20133802_thumb.jpg
Lencana Merah Terigu Transparan 1000G,Rp 10.600,makanan-bahan-makanan,https://assets.klikindomaret.com/products/20026090/20026090_thumb.jpg
Mahorahora Gula Aren Bubuk Murni 200G,Rp 19.900,makanan-bahan-makanan,https://assets.klikindomaret.com/products/20134988/20134988_thumb.jpg
Mahorahora Gula Aren Cair Organik 200mL,Rp 21.900,makanan-bahan-makanan,https://assets.klikindomaret.com/products/20134989/20134989_thumb.jpg
Md Beras Merah Organik 2Kg,Rp 66.600,makanan-bahan-makanan,https://assets.klikindomaret.com/products/20120413/20120413_thumb.webp
Md Beras Pandan Wangi Organik 2Kg,Rp 63.000,makanan-bahan-makanan,https://assets.klikindomaret.com/products/20120414/20120414_thumb.jpg
Orchid Butter 340g,Rp 60.000,makanan-bahan-makanan,https://assets.klikindomaret.com/products/10000022/10000022_thumb.jpg
PSM Gula Premium 1Kg,Rp 17.500,makanan-bahan-makanan,https://assets.klikindomaret.com/products/20045854/20045854_thumb.webp
Rose Brand Gula Pasir Kuning 1Kg,Rp 17.500,makanan-bahan-makanan,https://assets.klikindomaret.com/products/20076768/20076768_thumb.jpg
Rose Brand Gula Pasir Putih 1Kg,Rp 17.500,makanan-bahan-makanan,https://assets.klikindomaret.com/products/20076765/20076765_thumb.jpg
Sedaap Kecap Manis 620mL,Rp 32.700,makanan-bahan-makanan,https://assets.klikindomaret.com/products/20034506/20034506_thumb.jpg
Selma Blanched Almonds Slice 200g,Rp 56.500,makanan-bahan-makanan,https://assets.klikindomaret.com/products/20108978/20108978_thumb.jpg
Selma Natural Almonds Supreme 200g,Rp 72.700,makanan-bahan-makanan,https://assets.klikindomaret.com/products/20108976/20108976_thumb.jpg
Selma Pumpkin Seeds 200g,Rp 46.500,makanan-bahan-makanan,https://assets.klikindomaret.com/products/20108977/20108977_thumb.jpg
Sus Gula Pasir Lokal Kuning 1Kg,Rp 17.500,makanan-bahan-makanan,https://assets.klikindomaret.com/products/20121086/20121086_thumb.jpg
Wysman Butter 454g,Rp 158.500,makanan-bahan-makanan,https://assets.klikindomaret.com/products/10000658/10000658_thumb.jpg
Wysman Preserved Dutch Butter 200G,Rp 74.200,makanan-bahan-makanan,https://assets.klikindomaret.com/products/10037623/10037623_thumb.jpg
